id,name,provider,category,known_site,known_portal,known_api,needs
credgenics,Credgenics,Credgenics,Payments / Banking / Fintech,https://www.credgenics.com/,https://docs.credgenics.com/,https://docs.credgenics.com/#lending-apis,statusUrl
cronofy,Cronofy,Cronofy,Productivity,https://www.cronofy.com/,https://docs.cronofy.com/,https://docs.cronofy.com/,authDocs;statusUrl;caps;scopes;reqs
crunchbase,Crunchbase,Crunchbase,CRM & Sales,https://www.crunchbase.com/,https://data.crunchbase.com/docs/welcome-to-crunchbase-data,https://data.crunchbase.com/docs/using-the-api,authDocs;statusUrl;caps;scopes;reqs
custify,Custify,Custify,Support & Success,https://www.custify.com/,https://docs.custify.com/,https://docs.custify.com/,statusUrl
cyberark-privilege-cloud,CyberArk Privilege Cloud,CyberArk,Security & Identity,https://www.paloaltonetworks.com/idira,https://docs.cyberark.com/portal/latest/en/docs.htm,https://docs.cyberark.com/manage/latest/en/content/privilege-cloud/webservices/implementing%20privileged%20account%20security%20web%20services%20.htm,authDocs;statusUrl;caps;scopes;reqs
d-id,D-ID,D-ID,AI & Models,https://www.d-id.com/,https://docs.d-id.com/docs/quickstart,https://docs.d-id.com/docs/quickstart,authDocs;statusUrl;caps;scopes;reqs
datacake,Datacake,Datacake,Manufacturing / ERP / Supply Chain,https://datacake.co/,https://docs.datacake.de/,https://docs.datacake.de/api/graphql-api.md,statusUrl
deepinfra,DeepInfra,DeepInfra,AI & Models,https://deepinfra.com/,https://docs.deepinfra.com,https://docs.deepinfra.com,scopes
deepsource,DeepSource,DeepSource,Developer Tools,https://deepsource.com/,https://docs.deepsource.com/docs/developers/api,https://docs.deepsource.com/docs/developers/api,statusUrl;scopes
moogsoft,Moogsoft,Dell Technologies,Observability,https://www.moogsoft.com/,https://docs.moogsoft.com/moogsoft-cloud/en/apis.html,https://docs.moogsoft.com/moogsoft-cloud/en/apis.html,statusUrl
dhanhq,DhanHQ,Dhan,Payments / Banking / Fintech,https://dhan.co/,https://dhanhq.co/,https://dhanhq.co/docs/v2/,statusUrl;scopes
bhashini,Bhashini (ULCA),"Digital India Bhashini Division, MeitY",AI & Models,https://bhashini.gov.in/,https://dibd-bhashini.gitbook.io/bhashini-apis,https://dibd-bhashini.gitbook.io/bhashini-apis/pipeline-config-call,statusUrl
directus,Directus Cloud,Directus,Databases & Search,https://directus.com/,https://directus.com/docs/,https://directus.com/docs/,statusUrl
dlocal,dLocal,dLocal,Payments / Banking / Fintech,https://www.dlocal.com/,https://docs.dlocal.com/,https://docs.dlocal.com/,statusUrl
dojah,Dojah,Dojah,Security & Identity,https://dojah.io/,https://docs.dojah.io/,https://docs.dojah.io/,statusUrl
dribbble,Dribbble,Dribbble,Social / Creator / Publishing,https://dribbble.com/,https://developer.dribbble.com/,https://developer.dribbble.com/v2/,statusUrl
dvla-vehicle-enquiry-service,DVLA Vehicle Enquiry Service,Driver and Vehicle Licensing Agency,Government / Public Data,https://www.gov.uk/government/organisations/driver-and-vehicle-licensing-agency,https://developer-portal.driver-vehicle-licensing.api.gov.uk/,https://developer-portal.driver-vehicle-licensing.api.gov.uk/apis/vehicle-enquiry-service/vehicle-enquiry-service-description.html,statusUrl;scopes
eka-care,Eka Care,Eka Care,Healthcare,https://www.eka.care/,https://developer.eka.care/user-guides/get-started,https://developer.eka.care/user-guides/get-started,authDocs;statusUrl;caps;scopes;reqs
enable-banking,Enable Banking,Enable Banking,Payments / Banking / Fintech,https://enablebanking.com/,https://enablebanking.com/docs/,https://enablebanking.com/docs/api/reference/,statusUrl
enkash,EnKash,EnKash,Payments / Banking / Fintech,https://www.enkash.com/,https://docs.enkash.com/docs,https://docs.enkash.com/folder-3851169,statusUrl
